Workbook
Name NativeTimeline_Tarix: #N/A
Name Slicer_Filial: #N/A

Sheet Data
A1: Satış ID | B1: Tarix | C1: Satıcı adı | D1: Məhsul Kateqoriyası | E1: Filial | F1: Ödəniş Növü | G1: Satış Miqdarı | H1: Status | I1: Mobil Nömrə | J1: Müştəri Kodu | K1: Kuryer Qeydi | L1: Maya dəyəri | M1: Satış Qiyməti | N1: Yekun Satış Məbləği | O1: Xalis Mənfəət | P1: Dinamik Endirim | Q1: Son Ödəniş tarixi | R1: Həftənin Günü
A2: TX1001 | B2: 46134 | C2: Ramil Həsənov | D2: Kompüter | E2: Sumqayit | F2: Kredit | G2: 8 | H2: Tamamlandı | I2: 517078704 | J2: RH-1001 | K2: =LEFT(C2,FIND(" ",C2)-1)&"-"&E2&" "&"Filialina çardırılma" -> Ramil-Sumqayit Filialina çardırılma | L2: =VLOOKUP(D2,Anbar!$A$2:$B$5,2,FALSE) -> 1200 | M2: =VLOOKUP(D2,Anbar!$A$2:$C$5,3,FALSE) -> 1800 | N2: =G2*M2 -> 14400 | O2: =(M2-L2)*G2 -> 4800 | P2: =IF(AND(F2="Nağd",G2>5),M2*0.9,"0%") -> 0% | Q2: =IF(F2="Kredit",EOMONTH(B2,0),"") -> 46142 | R2: =TEXT(B2,"dddd") -> Wednesday
A3: TX1002 | B3: 46173 | C3: Zaur Mustafayev | D3: Aksesuar | E3: Bakı | F3: Kartla | G3: 5 | H3: Tamamlandı | I3: 773570542 | J3: ZM-1002 | K3: =LEFT(C3,FIND(" ",C3)-1)&"-"&E3&" "&"Filialina çardırılma" -> Zaur-Bakı Filialina çardırılma | L3: =VLOOKUP(D3,Anbar!$A$2:$B$5,2,FALSE) -> 15 | M3: =VLOOKUP(D3,Anbar!$A$2:$C$5,3,FALSE) -> 45 | N3: =G3*M3 -> 225 | O3: =(M3-L3)*G3 -> 150 | P3: =IF(AND(F3="Nağd",G3>5),M3*0.9,"0%") -> 0% | Q3: =IF(F3="Kredit",EOMONTH(B3,0),"") | R3: =TEXT(B3,"dddd") -> Sunday
A4: TX1003 | B4: 46049 | C4: Murad Ismayılov | D4: Aksesuar | E4: Gence | F4: Nağd | G4: 1 | H4: Tamamlandı | I4: 559926925 | J4: MI-1003 | K4: =LEFT(C4,FIND(" ",C4)-1)&"-"&E4&" "&"Filialina çardırılma" -> Murad-Gence Filialina çardırılma | L4: =VLOOKUP(D4,Anbar!$A$2:$B$5,2,FALSE) -> 15 | M4: =VLOOKUP(D4,Anbar!$A$2:$C$5,3,FALSE) -> 45 | N4: =G4*M4 -> 45 | O4: =(M4-L4)*G4 -> 30 | P4: =IF(AND(F4="Nağd",G4>5),M4*0.9,"0%") -> 0% | Q4: =IF(F4="Kredit",EOMONTH(B4,0),"") | R4: =TEXT(B4,"dddd") -> Tuesday
A5: TX1004 | B5: 46171 | C5: Nərgin Məmmədova | D5: Kompüter | E5: Gence | F5: Kredit | G5: 6 | H5: Tamamlandı | I5: 507202339 | J5: NM-1004 | K5: =LEFT(C5,FIND(" ",C5)-1)&"-"&E5&" "&"Filialina çardırılma" -> Nərgin-Gence Filialina çardırılma | L5: =VLOOKUP(D5,Anbar!$A$2:$B$5,2,FALSE) -> 1200 | M5: =VLOOKUP(D5,Anbar!$A$2:$C$5,3,FALSE) -> 1800 | N5: =G5*M5 -> 10800 | O5: =(M5-L5)*G5 -> 3600 | P5: =IF(AND(F5="Nağd",G5>5),M5*0.9,"0%") -> 0% | Q5: =IF(F5="Kredit",EOMONTH(B5,0),"") -> 46173 | R5: =TEXT(B5,"dddd") -> Friday
A6: TX1005 | B6: 46140 | C6: Zaur Mustafayev | D6: Kompüter | E6: Gəncə | F6: Kredit | G6: 3 | H6: Tamamlandı | I6: 554736215 | J6: ZM-1005 | K6: =LEFT(C6,FIND(" ",C6)-1)&"-"&E6&" "&"Filialina çardırılma" -> Zaur-Gəncə Filialina çardırılma | L6: =VLOOKUP(D6,Anbar!$A$2:$B$5,2,FALSE) -> 1200 | M6: =VLOOKUP(D6,Anbar!$A$2:$C$5,3,FALSE) -> 1800 | N6: =G6*M6 -> 5400 | O6: =(M6-L6)*G6 -> 1800 | P6: =IF(AND(F6="Nağd",G6>5),M6*0.9,"0%") -> 0% | Q6: =IF(F6="Kredit",EOMONTH(B6,0),"") -> 46142 | R6: =TEXT(B6,"dddd") -> Tuesday
A7: TX1006 | B7: 46043 | C7: Murad Ismayılov | D7: Aksesuar | E7: Sumqayit | F7: Kredit | G7: 3 | H7: Tamamlandı | I7: 519664056 | J7: MI-1006 | K7: =LEFT(C7,FIND(" ",C7)-1)&"-"&E7&" "&"Filialina çardırılma" -> Murad-Sumqayit Filialina çardırılma | L7: =VLOOKUP(D7,Anbar!$A$2:$B$5,2,FALSE) -> 15 | M7: =VLOOKUP(D7,Anbar!$A$2:$C$5,3,FALSE) -> 45 | N7: =G7*M7 -> 135 | O7: =(M7-L7)*G7 -> 90 | P7: =IF(AND(F7="Nağd",G7>5),M7*0.9,"0%") -> 0% | Q7: =IF(F7="Kredit",EOMONTH(B7,0),"") -> 46053 | R7: =TEXT(B7,"dddd") -> Wednesday
A8: TX1007 | B8: 46164 | C8: Elnur Qasımov | D8: Planşet | E8: Sumqayit | F8: Nağd | G8: 10 | H8: Tamamlandı | I8: 705543420 | J8: EQ-1007 | K8: =LEFT(C8,FIND(" ",C8)-1)&"-"&E8&" "&"Filialina çardırılma" -> Elnur-Sumqayit Filialina çardırılma | L8: =VLOOKUP(D8,Anbar!$A$2:$B$5,2,FALSE) -> 400 | M8: =VLOOKUP(D8,Anbar!$A$2:$C$5,3,FALSE) -> 650 | N8: =G8*M8 -> 6500 | O8: =(M8-L8)*G8 -> 2500 | P8: =IF(AND(F8="Nağd",G8>5),M8*0.9,"0%") -> 585 | Q8: =IF(F8="Kredit",EOMONTH(B8,0),"") | R8: =TEXT(B8,"dddd") -> Friday
A9: TX1008 | B9: 46164 | C9: Əli Məmmədov | D9: Telefon | E9: Sumqayit | F9: Kredit | G9: 8 | H9: Tamamlandı | I9: 504265196 | J9: ƏM-1008 | K9: =LEFT(C9,FIND(" ",C9)-1)&"-"&E9&" "&"Filialina çardırılma" -> Əli-Sumqayit Filialina çardırılma | L9: =VLOOKUP(D9,Anbar!$A$2:$B$5,2,FALSE) -> 600 | M9: =VLOOKUP(D9,Anbar!$A$2:$C$5,3,FALSE) -> 950 | N9: =G9*M9 -> 7600 | O9: =(M9-L9)*G9 -> 2800 | P9: =IF(AND(F9="Nağd",G9>5),M9*0.9,"0%") -> 0% | Q9: =IF(F9="Kredit",EOMONTH(B9,0),"") -> 46173 | R9: =TEXT(B9,"dddd") -> Friday | T9: Baki filialında komputer satışının cəmi | V9: =SUMIFS(N2:N951,D2:D951,"Kompüter",E2:E951,"Bakı") -> 379800
A10: TX1009 | B10: 46134 | C10: Aysel Vəliyeva | D10: Telefon | E10: Baki | F10: Nağd | G10: 10 | H10: Tamamlandı | I10: 558020131 | J10: AV-1009 | K10: =LEFT(C10,FIND(" ",C10)-1)&"-"&E10&" "&"Filialina çardırılma" -> Aysel-Baki Filialina çardırılma | L10: =VLOOKUP(D10,Anbar!$A$2:$B$5,2,FALSE) -> 600 | M10: =VLOOKUP(D10,Anbar!$A$2:$C$5,3,FALSE) -> 950 | N10: =G10*M10 -> 9500 | O10: =(M10-L10)*G10 -> 3500 | P10: =IF(AND(F10="Nağd",G10>5),M10*0.9,"0%") -> 855 | Q10: =IF(F10="Kredit",EOMONTH(B10,0),"") | R10: =TEXT(B10,"dddd") -> Wednesday | T10: Gəncə filialında nəğd neçə tel satılıb | V10: =SUMIFS(G2:G951,F2:F951,"Nağd",D2:D951,"Telefon") -> 581
A11: TX1010 | B11: 46155 | C11: Leyla Əliyeva | D11: Kompüter | E11: Gence | F11: Nağd | G11: 7 | H11: Tamamlandı | I11: 506431795 | J11: LƏ-1010 | K11: =LEFT(C11,FIND(" ",C11)-1)&"-"&E11&" "&"Filialina çardırılma" -> Leyla-Gence Filialina çardırılma | L11: =VLOOKUP(D11,Anbar!$A$2:$B$5,2,FALSE) -> 1200 | M11: =VLOOKUP(D11,Anbar!$A$2:$C$5,3,FALSE) -> 1800 | N11: =G11*M11 -> 12600 | O11: =(M11-L11)*G11 -> 4200 | P11: =IF(AND(F11="Nağd",G11>5),M11*0.9,"0%") -> 1620 | Q11: =IF(F11="Kredit",EOMONTH(B11,0),"") | R11: =TEXT(B11,"dddd") -> Wednesday | T11: Kreditlə edilən satışın ortalaması | V11: =AVERAGEIFS(G2:G951,F2:F951,"Kredit") -> 5.4426667
A12: TX1011 | B12: 46085 | C12: Ramil Həsənov | D12: Kompüter | E12: Gəncə | F12: Kredit | G12: 3 | H12: Tamamlandı | I12: 510519042 | J12: RH-1011 | K12: =LEFT(C12,FIND(" ",C12)-1)&"-"&E12&" "&"Filialina çardırılma" -> Ramil-Gəncə Filialina çardırılma | L12: =VLOOKUP(D12,Anbar!$A$2:$B$5,2,FALSE) -> 1200 | M12: =VLOOKUP(D12,Anbar!$A$2:$C$5,3,FALSE) -> 1800 | N12: =G12*M12 -> 5400 | O12: =(M12-L12)*G12 -> 1800 | P12: =IF(AND(F12="Nağd",G12>5),M12*0.9,"0%") -> 0% | Q12: =IF(F12="Kredit",EOMONTH(B12,0),"") -> 46112 | R12: =TEXT(B12,"dddd") -> Wednesday
A13: TX1012 | B13: 46044 | C13: Aysel Vəliyeva | D13: Aksesuar | E13: Baki | F13: Nağd | G13: 3 | H13: Tamamlandı | I13: 503722423 | J13: AV-1012 | K13: =LEFT(C13,FIND(" ",C13)-1)&"-"&E13&" "&"Filialina çardırılma" -> Aysel-Baki Filialina çardırılma | L13: =VLOOKUP(D13,Anbar!$A$2:$B$5,2,FALSE) -> 15 | M13: =VLOOKUP(D13,Anbar!$A$2:$C$5,3,FALSE) -> 45 | N13: =G13*M13 -> 135 | O13: =(M13-L13)*G13 -> 90 | P13: =IF(AND(F13="Nağd",G13>5),M13*0.9,"0%") -> 0% | Q13: =IF(F13="Kredit",EOMONTH(B13,0),"") | R13: =TEXT(B13,"dddd") -> Thursday
A14: TX1013 | B14: 46085 | C14: Murad Ismayılov | D14: Kompüter | E14: Sumqayit | F14: Nağd | G14: 7 | H14: Tamamlandı | I14: 773506491 | J14: MI-1013 | K14: =LEFT(C14,FIND(" ",C14)-1)&"-"&E14&" "&"Filialina çardırılma" -> Murad-Sumqayit Filialina çardırılma | L14: =VLOOKUP(D14,Anbar!$A$2:$B$5,2,FALSE) -> 1200 | M14: =VLOOKUP(D14,Anbar!$A$2:$C$5,3,FALSE) -> 1800 | N14: =G14*M14 -> 12600 | O14: =(M14-L14)*G14 -> 4200 | P14: =IF(AND(F14="Nağd",G14>5),M14*0.9,"0%") -> 1620 | Q14: =IF(F14="Kredit",EOMONTH(B14,0),"") | R14: =TEXT(B14,"dddd") -> Wednesday
A15: TX1014 | B15: 46042 | C15: Zaur Mustafayev | D15: Telefon | E15: Gəncə | F15: Kredit | G15: 9 | H15: Tamamlandı | I15: 771035954 | J15: ZM-1014 | K15: =LEFT(C15,FIND(" ",C15)-1)&"-"&E15&" "&"Filialina çardırılma" -> Zaur-Gəncə Filialina çardırılma | L15: =VLOOKUP(D15,Anbar!$A$2:$B$5,2,FALSE) -> 600 | M15: =VLOOKUP(D15,Anbar!$A$2:$C$5,3,FALSE) -> 950 | N15: =G15*M15 -> 8550 | O15: =(M15-L15)*G15 -> 3150 | P15: =IF(AND(F15="Nağd",G15>5),M15*0.9,"0%") -> 0% | Q15: =IF(F15="Kredit",EOMONTH(B15,0),"") -> 46053 | R15: =TEXT(B15,"dddd") -> Tuesday
A16: TX1015 | B16: 46078 | C16: Aysel Vəliyeva | D16: Kompüter | E16: Bakı | F16: Kartla | G16: 6 | H16: Tamamlandı | I16: 554614585 | J16: AV-1015 | K16: =LEFT(C16,FIND(" ",C16)-1)&"-"&E16&" "&"Filialina çardırılma" -> Aysel-Bakı Filialina çardırılma | L16: =VLOOKUP(D16,Anbar!$A$2:$B$5,2,FALSE) -> 1200 | M16: =VLOOKUP(D16,Anbar!$A$2:$C$5,3,FALSE) -> 1800 | N16: =G16*M16 -> 10800 | O16: =(M16-L16)*G16 -> 3600 | P16: =IF(AND(F16="Nağd",G16>5),M16*0.9,"0%") -> 0% | Q16: =IF(F16="Kredit",EOMONTH(B16,0),"") | R16: =TEXT(B16,"dddd") -> Wednesday
A17: TX1016 | B17: 46139 | C17: Aysel Vəliyeva | D17: Kompüter | E17: Sumqayıt | F17: Nağd | G17: 1 | H17: Tamamlandı | I17: 773321525 | J17: AV-1016 | K17: =LEFT(C17,FIND(" ",C17)-1)&"-"&E17&" "&"Filialina çardırılma" -> Aysel-Sumqayıt Filialina çardırılma | L17: =VLOOKUP(D17,Anbar!$A$2:$B$5,2,FALSE) -> 1200 | M17: =VLOOKUP(D17,Anbar!$A$2:$C$5,3,FALSE) -> 1800 | N17: =G17*M17 -> 1800 | O17: =(M17-L17)*G17 -> 600 | P17: =IF(AND(F17="Nağd",G17>5),M17*0.9,"0%") -> 0% | Q17: =IF(F17="Kredit",EOMONTH(B17,0),"") | R17: =TEXT(B17,"dddd") -> Monday
A18: TX1017 | B18: 46125 | C18: Aysel Vəliyeva | D18: Planşet | E18: Baki | F18: Nağd | G18: 5 | H18: Tamamlandı | I18: 707182900 | J18: AV-1017 | K18: =LEFT(C18,FIND(" ",C18)-1)&"-"&E18&" "&"Filialina çardırılma" -> Aysel-Baki Filialina çardırılma | L18: =VLOOKUP(D18,Anbar!$A$2:$B$5,2,FALSE) -> 400 | M18: =VLOOKUP(D18,Anbar!$A$2:$C$5,3,FALSE) -> 650 | N18: =G18*M18 -> 3250 | O18: =(M18-L18)*G18 -> 1250 | P18: =IF(AND(F18="Nağd",G18>5),M18*0.9,"0%") -> 0% | Q18: =IF(F18="Kredit",EOMONTH(B18,0),"") | R18: =TEXT(B18,"dddd") -> Monday
A19: TX1018 | B19: 46098 | C19: Zaur Mustafayev | D19: Kompüter | E19: Bakı | F19: Nağd | G19: 2 | H19: Tamamlandı | I19: 507552477 | J19: ZM-1018 | K19: =LEFT(C19,FIND(" ",C19)-1)&"-"&E19&" "&"Filialina çardırılma" -> Zaur-Bakı Filialina çardırılma | L19: =VLOOKUP(D19,Anbar!$A$2:$B$5,2,FALSE) -> 1200 | M19: =VLOOKUP(D19,Anbar!$A$2:$C$5,3,FALSE) -> 1800 | N19: =G19*M19 -> 3600 | O19: =(M19-L19)*G19 -> 1200 | P19: =IF(AND(F19="Nağd",G19>5),M19*0.9,"0%") -> 0% | Q19: =IF(F19="Kredit",EOMONTH(B19,0),"") | R19: =TEXT(B19,"dddd") -> Tuesday
A20: TX1019 | B20: 46163 | C20: Aysel Vəliyeva | D20: Aksesuar | E20: Gence | F20: Kredit | G20: 8 | H20: Tamamlandı | I20: 504429864 | J20: AV-1019 | K20: =LEFT(C20,FIND(" ",C20)-1)&"-"&E20&" "&"Filialina çardırılma" -> Aysel-Gence Filialina çardırılma | L20: =VLOOKUP(D20,Anbar!$A$2:$B$5,2,FALSE) -> 15 | M20: =VLOOKUP(D20,Anbar!$A$2:$C$5,3,FALSE) -> 45 | N20: =G20*M20 -> 360 | O20: =(M20-L20)*G20 -> 240 | P20: =IF(AND(F20="Nağd",G20>5),M20*0.9,"0%") -> 0% | Q20: =IF(F20="Kredit",EOMONTH(B20,0),"") -> 46173 | R20: =TEXT(B20,"dddd") -> Thursday
A21: TX1020 | B21: 46177 | C21: Nərgin Məmmədova | D21: Aksesuar | E21: Gəncə | F21: Kredit | G21: 3 | H21: Tamamlandı | I21: 703110495 | J21: NM-1020 | K21: =LEFT(C21,FIND(" ",C21)-1)&"-"&E21&" "&"Filialina çardırılma" -> Nərgin-Gəncə Filialina çardırılma | L21: =VLOOKUP(D21,Anbar!$A$2:$B$5,2,FALSE) -> 15 | M21: =VLOOKUP(D21,Anbar!$A$2:$C$5,3,FALSE) -> 45 | N21: =G21*M21 -> 135 | O21: =(M21-L21)*G21 -> 90 | P21: =IF(AND(F21="Nağd",G21>5),M21*0.9,"0%") -> 0% | Q21: =IF(F21="Kredit",EOMONTH(B21,0),"") -> 46203 | R21: =TEXT(B21,"dddd") -> Thursday
A22: TX1021 | B22: 46179 | C22: Leyla Əliyeva | D22: Telefon | E22: Bakı | F22: Nağd | G22: 6 | H22: Tamamlandı | I22: 551595964 | J22: LƏ-1021 | K22: =LEFT(C22,FIND(" ",C22)-1)&"-"&E22&" "&"Filialina çardırılma" -> Leyla-Bakı Filialina çardırılma | L22: =VLOOKUP(D22,Anbar!$A$2:$B$5,2,FALSE) -> 600 | M22: =VLOOKUP(D22,Anbar!$A$2:$C$5,3,FALSE) -> 950 | N22: =G22*M22 -> 5700 | O22: =(M22-L22)*G22 -> 2100 | P22: =IF(AND(F22="Nağd",G22>5),M22*0.9,"0%") -> 855 | Q22: =IF(F22="Kredit",EOMONTH(B22,0),"") | R22: =TEXT(B22,"dddd") -> Saturday
A23: TX1022 | B23: 46151 | C23: Əli Məmmədov | D23: Kompüter | E23: Sumqayıt | F23: Kartla | G23: 7 | H23: Tamamlandı | I23: 513705783 | J23: ƏM-1022 | K23: =LEFT(C23,FIND(" ",C23)-1)&"-"&E23&" "&"Filialina çardırılma" -> Əli-Sumqayıt Filialina çardırılma | L23: =VLOOKUP(D23,Anbar!$A$2:$B$5,2,FALSE) -> 1200 | M23: =VLOOKUP(D23,Anbar!$A$2:$C$5,3,FALSE) -> 1800 | N23: =G23*M23 -> 12600 | O23: =(M23-L23)*G23 -> 4200 | P23: =IF(AND(F23="Nağd",G23>5),M23*0.9,"0%") -> 0% | Q23: =IF(F23="Kredit",EOMONTH(B23,0),"") | R23: =TEXT(B23,"dddd") -> Saturday
... A951: TX1950 | B951: 46080 | C951: Aysel Vəliyeva | D951: Kompüter | E951: Baki | F951: Nağd | G951: 2 | H951: Tamamlandı | I951: 700923951 | J951: AV-1950 | K951: =LEFT(C951,FIND(" ",C951)-1)&"-"&E951&" "&"Filialina çardırılma" -> Aysel-Baki Filialina çardırılma | L951: =VLOOKUP(D951,Anbar!$A$2:$B$5,2,FALSE) -> 1200 | M951: =VLOOKUP(D951,Anbar!$A$2:$C$5,3,FALSE) -> 1800 | N951: =G951*M951 -> 3600 | O951: =(M951-L951)*G951 -> 1200 | P951: =IF(AND(F951="Nağd",G951>5),M951*0.9,"0%") -> 0% | Q951: =IF(F951="Kredit",EOMONTH(B951,0),"") | R951: =TEXT(B951,"dddd") -> Friday
E952: Naməlum | F952: Naməlum | K952: =LEFT(C952,FIND(" ",C952)-1)&"-"&E952&" "&"Filialina çardırılma" -> #VALUE! | L952: =VLOOKUP(D952,Anbar!$A$2:$B$5,2,FALSE) -> #N/A | M952: =VLOOKUP(D952,Anbar!$A$2:$C$5,3,FALSE) -> #N/A | N952: =G952*M952 -> #N/A | O952: =(M952-L952)*G952 -> #N/A | P952: =IF(AND(F952="Nağd",G952>5),M952*0.9,"0%") -> 0% | Q952: =IF(F952="Kredit",EOMONTH(B952,0),"") | R952: =TEXT(B952,"dddd") -> Saturday
E953: Naməlum | F953: Naməlum | K953: =LEFT(C953,FIND(" ",C953)-1)&"-"&E953&" "&"Filialina çardırılma" -> #VALUE! | L953: =VLOOKUP(D953,Anbar!$A$2:$B$5,2,FALSE) -> #N/A | M953: =VLOOKUP(D953,Anbar!$A$2:$C$5,3,FALSE) -> #N/A | N953: =G953*M953 -> #N/A | O953: =(M953-L953)*G953 -> #N/A | P953: =IF(AND(F953="Nağd",G953>5),M953*0.9,"0%") -> 0% | Q953: =IF(F953="Kredit",EOMONTH(B953,0),"") | R953: =TEXT(B953,"dddd") -> Saturday
E954: Naməlum | F954: Naməlum | K954: =LEFT(C954,FIND(" ",C954)-1)&"-"&E954&" "&"Filialina çardırılma" -> #VALUE! | L954: =VLOOKUP(D954,Anbar!$A$2:$B$5,2,FALSE) -> #N/A | M954: =VLOOKUP(D954,Anbar!$A$2:$C$5,3,FALSE) -> #N/A | N954: =G954*M954 -> #N/A | O954: =(M954-L954)*G954 -> #N/A | P954: =IF(AND(F954="Nağd",G954>5),M954*0.9,"0%") -> 0% | Q954: =IF(F954="Kredit",EOMONTH(B954,0),"") | R954: =TEXT(B954,"dddd") -> Saturday
E955: Naməlum | F955: Naməlum | K955: =LEFT(C955,FIND(" ",C955)-1)&"-"&E955&" "&"Filialina çardırılma" -> #VALUE! | L955: =VLOOKUP(D955,Anbar!$A$2:$B$5,2,FALSE) -> #N/A | M955: =VLOOKUP(D955,Anbar!$A$2:$C$5,3,FALSE) -> #N/A | N955: =G955*M955 -> #N/A | O955: =(M955-L955)*G955 -> #N/A | P955: =IF(AND(F955="Nağd",G955>5),M955*0.9,"0%") -> 0% | Q955: =IF(F955="Kredit",EOMONTH(B955,0),"") | R955: =TEXT(B955,"dddd") -> Saturday
E956: Naməlum | F956: Naməlum | K956: =LEFT(C956,FIND(" ",C956)-1)&"-"&E956&" "&"Filialina çardırılma" -> #VALUE! | L956: =VLOOKUP(D956,Anbar!$A$2:$B$5,2,FALSE) -> #N/A | M956: =VLOOKUP(D956,Anbar!$A$2:$C$5,3,FALSE) -> #N/A | N956: =G956*M956 -> #N/A | O956: =(M956-L956)*G956 -> #N/A | P956: =IF(AND(F956="Nağd",G956>5),M956*0.9,"0%") -> 0% | Q956: =IF(F956="Kredit",EOMONTH(B956,0),"") | R956: =TEXT(B956,"dddd") -> Saturday
E957: Naməlum | F957: Naməlum | K957: =LEFT(C957,FIND(" ",C957)-1)&"-"&E957&" "&"Filialina çardırılma" -> #VALUE! | L957: =VLOOKUP(D957,Anbar!$A$2:$B$5,2,FALSE) -> #N/A | M957: =VLOOKUP(D957,Anbar!$A$2:$C$5,3,FALSE) -> #N/A | N957: =G957*M957 -> #N/A | O957: =(M957-L957)*G957 -> #N/A | P957: =IF(AND(F957="Nağd",G957>5),M957*0.9,"0%") -> 0% | Q957: =IF(F957="Kredit",EOMONTH(B957,0),"") | R957: =TEXT(B957,"dddd") -> Saturday
E958: Naməlum | F958: Naməlum | K958: =LEFT(C958,FIND(" ",C958)-1)&"-"&E958&" "&"Filialina çardırılma" -> #VALUE! | L958: =VLOOKUP(D958,Anbar!$A$2:$B$5,2,FALSE) -> #N/A | M958: =VLOOKUP(D958,Anbar!$A$2:$C$5,3,FALSE) -> #N/A | N958: =G958*M958 -> #N/A | O958: =(M958-L958)*G958 -> #N/A | P958: =IF(AND(F958="Nağd",G958>5),M958*0.9,"0%") -> 0% | Q958: =IF(F958="Kredit",EOMONTH(B958,0),"") | R958: =TEXT(B958,"dddd") -> Saturday
E959: Naməlum | F959: Naməlum | K959: =LEFT(C959,FIND(" ",C959)-1)&"-"&E959&" "&"Filialina çardırılma" -> #VALUE! | L959: =VLOOKUP(D959,Anbar!$A$2:$B$5,2,FALSE) -> #N/A | M959: =VLOOKUP(D959,Anbar!$A$2:$C$5,3,FALSE) -> #N/A | N959: =G959*M959 -> #N/A | O959: =(M959-L959)*G959 -> #N/A | P959: =IF(AND(F959="Nağd",G959>5),M959*0.9,"0%") -> 0% | Q959: =IF(F959="Kredit",EOMONTH(B959,0),"") | R959: =TEXT(B959,"dddd") -> Saturday
E960: Naməlum | F960: Naməlum | K960: =LEFT(C960,FIND(" ",C960)-1)&"-"&E960&" "&"Filialina çardırılma" -> #VALUE! | L960: =VLOOKUP(D960,Anbar!$A$2:$B$5,2,FALSE) -> #N/A | M960: =VLOOKUP(D960,Anbar!$A$2:$C$5,3,FALSE) -> #N/A | N960: =G960*M960 -> #N/A | O960: =(M960-L960)*G960 -> #N/A | P960: =IF(AND(F960="Nağd",G960>5),M960*0.9,"0%") -> 0% | Q960: =IF(F960="Kredit",EOMONTH(B960,0),"") | R960: =TEXT(B960,"dddd") -> Saturday
E961: Naməlum | F961: Naməlum | K961: =LEFT(C961,FIND(" ",C961)-1)&"-"&E961&" "&"Filialina çardırılma" -> #VALUE! | L961: =VLOOKUP(D961,Anbar!$A$2:$B$5,2,FALSE) -> #N/A | M961: =VLOOKUP(D961,Anbar!$A$2:$C$5,3,FALSE) -> #N/A | N961: =G961*M961 -> #N/A | O961: =(M961-L961)*G961 -> #N/A | P961: =IF(AND(F961="Nağd",G961>5),M961*0.9,"0%") -> 0% | Q961: =IF(F961="Kredit",EOMONTH(B961,0),"") | R961: =TEXT(B961,"dddd") -> Saturday
E962: Naməlum | F962: Naməlum | K962: =LEFT(C962,FIND(" ",C962)-1)&"-"&E962&" "&"Filialina çardırılma" -> #VALUE! | L962: =VLOOKUP(D962,Anbar!$A$2:$B$5,2,FALSE) -> #N/A | M962: =VLOOKUP(D962,Anbar!$A$2:$C$5,3,FALSE) -> #N/A | N962: =G962*M962 -> #N/A | O962: =(M962-L962)*G962 -> #N/A | P962: =IF(AND(F962="Nağd",G962>5),M962*0.9,"0%") -> 0% | Q962: =IF(F962="Kredit",EOMONTH(B962,0),"") | R962: =TEXT(B962,"dddd") -> Saturday
E963: Naməlum | F963: Naməlum | K963: =LEFT(C963,FIND(" ",C963)-1)&"-"&E963&" "&"Filialina çardırılma" -> #VALUE! | L963: =VLOOKUP(D963,Anbar!$A$2:$B$5,2,FALSE) -> #N/A | M963: =VLOOKUP(D963,Anbar!$A$2:$C$5,3,FALSE) -> #N/A | N963: =G963*M963 -> #N/A | O963: =(M963-L963)*G963 -> #N/A | P963: =IF(AND(F963="Nağd",G963>5),M963*0.9,"0%") -> 0% | Q963: =IF(F963="Kredit",EOMONTH(B963,0),"") | R963: =TEXT(B963,"dddd") -> Saturday
... E1002: Naməlum | F1002: Naməlum | K1002: =LEFT(C1002,FIND(" ",C1002)-1)&"-"&E1002&" "&"Filialina çardırılma" -> #VALUE! | L1002: =VLOOKUP(D1002,Anbar!$A$2:$B$5,2,FALSE) -> #N/A | M1002: =VLOOKUP(D1002,Anbar!$A$2:$C$5,3,FALSE) -> #N/A | N1002: =G1002*M1002 -> #N/A | O1002: =(M1002-L1002)*G1002 -> #N/A | P1002: =IF(AND(F1002="Nağd",G1002>5),M1002*0.9,"0%") -> 0% | Q1002: =IF(F1002="Kredit",EOMONTH(B1002,0),"") | R1002: =TEXT(B1002,"dddd") -> Saturday

Sheet Anbar
A1: Məhsul Kateqoriyası | B1: Maya Dəyəri (AZN) | C1: Satış Qiyməti (AZN)
A2: Telefon | B2: 600 | C2: 950
A3: Kompüter | B3: 1200 | C3: 1800
A4: Aksesuar | B4: 15 | C4: 45
A5: Planşet | B5: 400 | C5: 650

Sheet Pivot Table
A3: Sum of Yekun Satış Məbləği | B3: Column Labels
A4: Row Labels | B4: Kartla | C4: Kredit | D4: Nağd | E4: Naməlum | F4: Grand Total
A5: Bakı | B5: 247330 | C5: 565625 | D5: 640545 | E5: 7140 | F5: 1460640
A6: Gence | B6: 227200 | C6: 334455 | D6: 208780 | F6: 770435
A7: Gəncə | B7: 133805 | C7: 289005 | D7: 267940 | E7: 34225 | F7: 724975
A8: Naməlum | B8: 30375 | C8: 43665 | D8: 37370 | E8: 8150 | F8: 119560
A9: Sumqayit | B9: 247195 | C9: 563935 | D9: 640685 | E9: 15855 | F9: 1467670
A10: Grand Total | B10: 885905 | C10: 1796685 | D10: 1795320 | E10: 65370 | F10: 4543280
A16: Row Labels | B16: Sum of Xalis Mənfəət
A17: Aksesuar | B17: 46920
A18: Kompüter | B18: 862800
A19: Planşet | B19: 180750
A20: Telefon | B20: 521150
A21: Grand Total | B21: 1611620
A28: Row Labels | B28: Sum of Satış Miqdarı | C28: Average of Satış Miqdarı2
A29: Jan | B29: 762 | C29: 5.1486486
A30: Feb | B30: 1006 | C30: 5.6516854
A31: Mar | B31: 1062 | C31: 5.5602094
A32: Apr | B32: 1101 | C32: 5.5888325
A33: May | B33: 1095 | C33: 5.5025126
A34: Jun | B34: 188 | C34: 5.0810811
A35: Grand Total | B35: 5214 | C35: 5.4884211
A42: Row Labels | B42: Sum of Xalis Mənfəət
A43: Elnur Qasımov | B43: 243290
A44: Aysel Vəliyeva | B44: 223590
A45: Nərgin Məmmədova | B45: 205140
A46: Leyla Əliyeva | B46: 201130
A47: Əli Məmmədov | B47: 194140
A48: Ramil Həsənov | B48: 189230
A49: Murad Ismayılov | B49: 180770
A50: Zaur Mustafayev | B50: 174330
A51: Grand Total | B51: 1611620
